sighting_id,unknown_id,timestamp,location
,unknown_001,2026-08-08 16:34:37,Main Feed
,unknown_002,2026-08-08 16:34:38,Main Feed
,unknown_003,2026-08-08 16:34:38,Main Feed
,unknown_003,2026-08-08 16:34:41,Main Feed
,unknown_003,2026-08-08 16:34:42,Main Feed
,unknown_003,2026-08-08 16:34:44,Main Feed
,unknown_003,2026-08-08 16:34:45,Main Feed
,unknown_003,2026-08-08 16:34:47,Main Feed
,unknown_003,2026-08-08 16:34:48,Main Feed
,unknown_003,2026-08-08 16:34:50,Main Feed
,unknown_003,2026-08-08 16:34:51,Main Feed
,unknown_003,2026-08-08 16:34:53,Main Feed
,unknown_003,2026-08-08 16:34:54,Main Feed
,unknown_003,2026-08-08 16:34:55,Main Feed
,unknown_003,2026-08-08 16:34:57,Main Feed
,unknown_003,2026-08-08 16:34:58,Main Feed
,unknown_003,2026-08-08 16:35:00,Main Feed
,unknown_003,2026-08-08 16:35:01,Main Feed
,unknown_003,2026-08-08 16:35:03,Main Feed
,unknown_003,2026-08-08 16:35:04,Main Feed
,unknown_003,2026-08-08 16:35:06,Main Feed
,unknown_003,2026-08-08 16:35:07,Main Feed
,unknown_003,2026-08-08 16:35:09,Main Feed
,unknown_003,2026-08-08 16:35:10,Main Feed
,unknown_003,2026-08-08 16:35:12,Main Feed
,unknown_003,2026-08-08 16:35:14,Main Feed
,unknown_003,2026-08-08 16:35:15,Main Feed
,unknown_003,2026-08-08 16:35:16,Main Feed
,unknown_003,2026-08-08 16:35:18,Main Feed
,unknown_004,2026-08-08 17:35:06,Main Feed
,unknown_003,2026-08-08 17:35:12,Main Feed
,unknown_003,2026-08-08 17:35:17,Main Feed
,unknown_003,2026-08-08 17:35:22,Main Feed
,unknown_003,2026-08-08 17:35:27,Main Feed
,unknown_003,2026-08-08 17:35:33,Main Feed
,unknown_003,2026-08-08 17:36:17,Main Feed
,unknown_003,2026-08-08 17:36:22,Main Feed
,unknown_003,2026-08-08 17:36:27,Main Feed
